{
  "cv_random_forest": {
    "roc_auc_mean": 0.7013154836031548,
    "roc_auc_std": 0.03989540882689866,
    "avg_precision_mean": 0.19999980347671648,
    "avg_precision_std": 0.048900340581798346
  },
  "cv_logistic_regression": {
    "roc_auc_mean": 0.6364740556247406,
    "roc_auc_std": 0.06066782216153494,
    "avg_precision_mean": 0.17462254611569272,
    "avg_precision_std": 0.03985472396604612
  },
  "holdout_roc_auc": 0.816099201345103,
  "holdout_avg_precision": 0.2342458177696572,
  "holdout_precision_default_threshold": 0.0,
  "holdout_recall_default_threshold": 0.0,
  "holdout_f1_default_threshold": 0.0,
  "tuned_threshold": 0.105,
  "tuned_precision": 0.2777777777777778,
  "tuned_recall": 0.5769230769230769,
  "tuned_f1": 0.375,
  "tuned_confusion_matrix": [
    [
      327,
      39
    ],
    [
      11,
      15
    ]
  ],
  "confusion_matrix_default": [
    [
      366,
      0
    ],
    [
      26,
      0
    ]
  ],
  "roc_curve": {
    "fpr": [
      0.0,
      0.00273224043715847,
      0.01639344262295082,
      0.01639344262295082,
      0.02185792349726776,
      0.02459016393442623,
      0.030054644808743168,
      0.03278688524590164,
      0.03551912568306011,
      0.040983606557377046,
      0.04371584699453552,
      0.0546448087431694,
      0.0546448087431694,
      0.060109289617486336,
      0.06284153005464481,
      0.07650273224043716,
      0.07923497267759563,
      0.08469945355191257,
      0.09016393442622951,
      0.10109289617486339,
      0.10655737704918032,
      0.11475409836065574,
      0.12021857923497267,
      0.13114754098360656,
      0.1448087431693989,
      0.16939890710382513,
      0.18579234972677597,
      0.20765027322404372,
      0.22131147540983606,
      0.22404371584699453,
      0.24316939890710382,
      0.2650273224043716,
      0.273224043715847,
      0.3005464480874317,
      0.33879781420765026,
      0.3770491803278688,
      0.40710382513661203,
      0.45081967213114754,
      0.4890710382513661,
      0.5136612021857924,
      0.5355191256830601,
      0.5601092896174863,
      0.6010928961748634,
      0.6475409836065574,
      0.6885245901639344,
      0.7185792349726776,
      0.7759562841530054,
      0.8087431693989071,
      0.8387978142076503,
      0.9098360655737705,
      0.9371584699453552,
      0.9754098360655737,
      0.9808743169398907,
      0.9918032786885246,
      0.994535519125683,
      1.0
    ],
    "tpr": [
      0.0,
      0.038461538461538464,
      0.038461538461538464,
      0.11538461538461539,
      0.15384615384615385,
      0.15384615384615385,
      0.19230769230769232,
      0.19230769230769232,
      0.23076923076923078,
      0.23076923076923078,
      0.2692307692307692,
      0.2692307692307692,
      0.3076923076923077,
      0.3076923076923077,
      0.3076923076923077,
      0.3076923076923077,
      0.34615384615384615,
      0.34615384615384615,
      0.46153846153846156,
      0.5384615384615384,
      0.5769230769230769,
      0.5769230769230769,
      0.5769230769230769,
      0.5769230769230769,
      0.5769230769230769,
      0.6153846153846154,
      0.6153846153846154,
      0.6153846153846154,
      0.6538461538461539,
      0.6923076923076923,
      0.6923076923076923,
      0.6923076923076923,
      0.6923076923076923,
      0.7307692307692307,
      0.8076923076923077,
      0.8076923076923077,
      0.8846153846153846,
      0.8846153846153846,
      0.8846153846153846,
      0.9230769230769231,
      0.9230769230769231,
      0.9615384615384616,
      1.0,
      1.0,
      1.0,
      1.0,
      1.0,
      1.0,
      1.0,
      1.0,
      1.0,
      1.0,
      1.0,
      1.0,
      1.0,
      1.0
    ]
  },
  "n_train": 1175,
  "n_test": 392
}